manuscript_id	detagged_id	standard_id	short_id
arxiv:1407.3561v1	arxiv:1407.3561v1	arxiv:1407.3561v1	16kozZ9Ys
doi:10.1000/182	doi:10.1000/182	doi:10.1000/182	8zeVK2hX
doi:10.1002/asi.23445	doi:10.1002/asi.23445	doi:10.1002/asi.23445	18KKRwlN6
doi:10.1007/978-3-319-49304-6_40	doi:10.1007/978-3-319-49304-6_40	doi:10.1007/978-3-319-49304-6_40	aUCPtxQc
doi:10.1007/s11192-015-1765-5	doi:10.1007/s11192-015-1765-5	doi:10.1007/s11192-015-1765-5	QyHSyHo3
doi:10.1007/s11192-016-2225-6	doi:10.1007/s11192-016-2225-6	doi:10.1007/s11192-016-2225-6	10zxQMO6J
doi:10.1007/s12525-017-0249-2	doi:10.1007/s12525-017-0249-2	doi:10.1007/s12525-017-0249-2	KDvO1ctK
doi:10.1016/j.joi.2015.11.008	doi:10.1016/j.joi.2015.11.008	doi:10.1016/j.joi.2015.11.008	9sCtTvlE
doi:10.1016/j.serrev.2007.05.006	doi:10.1016/j.serrev.2007.05.006	doi:10.1016/j.serrev.2007.05.006	JDfJRWbr
tag:dilemma	doi:10.1016/S2214-109X(16)30188-7	doi:10.1016/s2214-109x(16)30188-7	17wtGC2m7
doi:10.1038/483134a	doi:10.1038/483134a	doi:10.1038/483134a	I6O7IKP7
doi:10.1038/495426a	doi:10.1038/495426a	doi:10.1038/495426a	xDn5v2f3
doi:10.1038/500386a	doi:10.1038/500386a	doi:10.1038/500386a	NE5AByb0
doi:10.1038/508161a	doi:10.1038/508161a	doi:10.1038/508161a	HGqCqC3H
doi:10.1038/530148a	doi:10.1038/530148a	doi:10.1038/530148a	PZA0cOT1
doi:10.1038/535011f	doi:10.1038/535011f	doi:10.1038/535011f	d9g1ZhPz
doi:10.1038/540507a	doi:10.1038/540507a	doi:10.1038/540507a	cUfIvWm6
doi:10.1038/d41586-017-05922-9	doi:10.1038/d41586-017-05922-9	doi:10.1038/d41586-017-05922-9	u69TZrHD
doi:10.1038/d41586-018-00093-7	doi:10.1038/d41586-018-00093-7	doi:10.1038/d41586-018-00093-7	i9e7Fcm8
doi:10.1038/nature.2015.16731	doi:10.1038/nature.2015.16731	doi:10.1038/nature.2015.16731	ynhlmOBH
doi:10.1038/nature.2015.18876	doi:10.1038/nature.2015.18876	doi:10.1038/nature.2015.18876	sR4uAYxB
doi:10.1038/nature.2016.19841	doi:10.1038/nature.2016.19841	doi:10.1038/nature.2016.19841	Zp0s36X0
doi:10.1038/nature.2016.21223	doi:10.1038/nature.2016.21223	doi:10.1038/nature.2016.21223	wnNilBvm
doi:10.1038/nature.2017.21765	doi:10.1038/nature.2017.21765	doi:10.1038/nature.2017.21765	8AIp1E7j
doi:10.1038/nature.2017.22196	doi:10.1038/nature.2017.22196	doi:10.1038/nature.2017.22196	b5B01CbS
doi:10.1038/nature.2017.22971	doi:10.1038/nature.2017.22971	doi:10.1038/nature.2017.22971	WBnZqVXT
doi:10.1038/nbt.3780	doi:10.1038/nbt.3780	doi:10.1038/nbt.3780	Qh7xTLwz
doi:10.1045/november14-brook	doi:10.1045/november14-brook	doi:10.1045/november14-brook	llK8SMam
doi:10.1073/pnas.1403006111	doi:10.1073/pnas.1403006111	doi:10.1073/pnas.1403006111	7oTLbigW
doi:10.1080/00987913.2005.10764998	doi:10.1080/00987913.2005.10764998	doi:10.1080/00987913.2005.10764998	13ynzWtv8
doi:10.1098/rstl.1677.0003	doi:10.1098/rstl.1677.0003	doi:10.1098/rstl.1677.0003	HhEZiSSR
doi:10.1101/142760	doi:10.1101/142760	doi:10.1101/142760	tJKvnIaZ
doi:10.1101/162099	doi:10.1101/162099	doi:10.1101/162099	1BW4FtNLl
doi:10.1108/JD-12-2013-0166	doi:10.1108/JD-12-2013-0166	doi:10.1108/jd-12-2013-0166	H2hXqKsr
doi:10.1109/TVCG.2016.2599030	doi:10.1109/TVCG.2016.2599030	doi:10.1109/tvcg.2016.2599030	nyZChH5b
doi:10.1126/science.352.6285.508	doi:10.1126/science.352.6285.508	doi:10.1126/science.352.6285.508	RsNXQAG2
doi:10.1126/science.aaf5664	doi:10.1126/science.aaf5664	doi:10.1126/science.aaf5664	t4r48QpO
doi:10.1126/science.aaf5675	doi:10.1126/science.aaf5675	doi:10.1126/science.aaf5675	JVjciZPv
doi:10.1126/science.aaf5704	doi:10.1126/science.aaf5704	doi:10.1126/science.aaf5704	cOKy7PSo
doi:10.1126/science.aan7164	doi:10.1126/science.aan7164	doi:10.1126/science.aan7164	sheBR4X4
doi:10.1126/science.aap7562	doi:10.1126/science.aap7562	doi:10.1126/science.aap7562	1F2Ri1rrL
doi:10.1126/science.aaq0132	doi:10.1126/science.aaq0132	doi:10.1126/science.aaq0132	1BKBt9JRq
doi:10.1126/science.aaq0747	doi:10.1126/science.aaq0747	doi:10.1126/science.aaq0747	pehBllPA
doi:10.1126/science.aaq1560	doi:10.1126/science.aaq1560	doi:10.1126/science.aaq1560	nVGhXBcX
doi:10.1186/s12916-015-0469-2	doi:10.1186/s12916-015-0469-2	doi:10.1186/s12916-015-0469-2	K29A7oBE
doi:10.12688/f1000research.11366.1	doi:10.12688/f1000research.11366.1	doi:10.12688/f1000research.11366.1	iLKgjFDu
doi:10.12688/f1000research.11415.2	doi:10.12688/f1000research.11415.2	doi:10.12688/f1000research.11415.2	Akbe7cNV
doi:10.12688/f1000research.8460.3	doi:10.12688/f1000research.8460.3	doi:10.12688/f1000research.8460.3	PuP45jrB
doi:10.1300/J123v18n01_09	doi:10.1300/J123v18n01_09	doi:10.1300/j123v18n01_09	18zoY6Ild
doi:10.1371/journal.pone.0093949	doi:10.1371/journal.pone.0093949	doi:10.1371/journal.pone.0093949	MNHagzoO
doi:10.1371/journal.pone.0127502	doi:10.1371/journal.pone.0127502	doi:10.1371/journal.pone.0127502	OGMKPsIG
doi:10.1371/journal.pone.0185673	doi:10.1371/journal.pone.0185673	doi:10.1371/journal.pone.0185673	3kbMq39u
doi:10.15200/winn.146485.57797	doi:10.15200/winn.146485.57797	doi:10.15200/winn.146485.57797	uBm4Sor6
doi:10.1629/2460	doi:10.1629/2460	doi:10.1629/2460	VC6kWHG2
doi:10.1629/uksg.333	doi:10.1629/uksg.333	doi:10.1629/uksg.333	102oWwJt1
doi:10.2139/ssrn.2616636	doi:10.2139/ssrn.2616636	doi:10.2139/ssrn.2616636	R9mR68Y4
doi:10.2139/ssrn.2816925	doi:10.2139/ssrn.2816925	doi:10.2139/ssrn.2816925	2TjdrEPp
doi:10.2196/jmir.3331	doi:10.2196/jmir.3331	doi:10.2196/jmir.3331	8mg1a0YE
doi:10.2307/271031	doi:10.2307/271031	doi:10.2307/271031	BP6sDsyK
doi:10.3233/978-1-61499-769-6-118	doi:10.3233/978-1-61499-769-6-118	doi:10.3233/978-1-61499-769-6-118	cunYx7X4
doi:10.3403/30177056	doi:10.3403/30177056	doi:10.3403/30177056	LS0mB1CD
doi:10.3897/jhr.58.12919	doi:10.3897/jhr.58.12919	doi:10.3897/jhr.58.12919	1Fdmn0XsW
doi:10.3998/3336451.0018.301	doi:10.3998/3336451.0018.301	doi:10.3998/3336451.0018.301	16BrOMxI0
doi:10.5061/dryad.q447c/1	doi:10.5061/dryad.q447c/1	doi:10.5061/dryad.q447c/1	kQFQ8EaO
doi:10.5062/F4G73BP3	doi:10.5062/F4G73BP3	doi:10.5062/f4g73bp3	SuZ30LxR
doi:10.5281/zenodo.1158301	doi:10.5281/zenodo.1158301	doi:10.5281/zenodo.1158301	D6wP8q7K
doi:10.5281/zenodo.472493	doi:10.5281/zenodo.472493	doi:10.5281/zenodo.472493	nnSxBFFr
doi:10.5281/zenodo.837902	doi:10.5281/zenodo.837902	doi:10.5281/zenodo.837902	1D9l2pC2b
doi:10.5860/crl-299	doi:10.5860/crl-299	doi:10.5860/crl-299	8RacTmaJ
doi:10.5860/crln.72.11.8671	doi:10.5860/crln.72.11.8671	doi:10.5860/crln.72.11.8671	1BSPYL8jl
doi:10.6084/m9.figshare.1186832.v23	doi:10.6084/m9.figshare.1186832.v23	doi:10.6084/m9.figshare.1186832.v23	12rSJsEKK
doi:10.6084/m9.figshare.3443876.v3	doi:10.6084/m9.figshare.3443876.v3	doi:10.6084/m9.figshare.3443876.v3	n73t9GPC
doi:10.6084/m9.figshare.4542433.v6	doi:10.6084/m9.figshare.4542433.v6	doi:10.6084/m9.figshare.4542433.v6	GWp5Zx0w
doi:10.6084/m9.figshare.4816720.v1	doi:10.6084/m9.figshare.4816720.v1	doi:10.6084/m9.figshare.4816720.v1	1E6E4mpZ
doi:10.6084/m9.figshare.4906367.v1	doi:10.6084/m9.figshare.4906367.v1	doi:10.6084/m9.figshare.4906367.v1	GxWkjeN2
doi:10.6084/m9.figshare.5231245.v1	doi:10.6084/m9.figshare.5231245.v1	doi:10.6084/m9.figshare.5231245.v1	Th4EY2wD
doi:10.6084/m9.figshare.5255365.v1	doi:10.6084/m9.figshare.5255365.v1	doi:10.6084/m9.figshare.5255365.v1	10hS1L2vZ
doi:10.6084/m9.figshare.5255368.v1	doi:10.6084/m9.figshare.5255368.v1	doi:10.6084/m9.figshare.5255368.v1	1EcDRAPGi
doi:10.6087/kcse.2014.1.13	doi:10.6087/kcse.2014.1.13	doi:10.6087/kcse.2014.1.13	Eq78IAX4
doi:10.7287/peerj.preprints.3100v1	doi:10.7287/peerj.preprints.3100v1	doi:10.7287/peerj.preprints.3100v1	11cb5HXoY
doi:10.7287/peerj.preprints.3119v1	doi:10.7287/peerj.preprints.3119v1	doi:10.7287/peerj.preprints.3119v1	eOi5pOoT
doi:10.7287/peerj.preprints.3520v1	doi:10.7287/peerj.preprints.3520v1	doi:10.7287/peerj.preprints.3520v1	9JroGcRn
doi:10.7554/eLife.32822	doi:10.7554/eLife.32822	doi:10.7554/elife.32822	IhliSZDo
isbn:9780262517638	isbn:9780262517638	isbn:9780262517638	zBPP9YKu
url:http://alla-astakhova.ru/sci-hub/	url:http://alla-astakhova.ru/sci-hub/	url:http://alla-astakhova.ru/sci-hub/	GLDH745f
url:http://bigthink.com/neurobonkers/a-pirate-bay-for-science	url:http://bigthink.com/neurobonkers/a-pirate-bay-for-science	url:http://bigthink.com/neurobonkers/a-pirate-bay-for-science	SlcfPQQQ
url:http://blog.dhimmel.com/biorxiv-licenses/	url:http://blog.dhimmel.com/biorxiv-licenses/	url:http://blog.dhimmel.com/biorxiv-licenses/	7aXVorCC
url:http://blog.impactstory.org/introducting-oadoi/	url:http://blog.impactstory.org/introducting-oadoi/	url:http://blog.impactstory.org/introducting-oadoi/	GhX9kmM1
url:http://cen.acs.org/articles/92/web/2014/04/Online-Access-ACS-Publications-Restored.html	url:http://cen.acs.org/articles/92/web/2014/04/Online-Access-ACS-Publications-Restored.html	url:http://cen.acs.org/articles/92/web/2014/04/Online-Access-ACS-Publications-Restored.html	xn59qVAG
url:http://digitalcommons.unl.edu/library_talks/123	url:http://digitalcommons.unl.edu/library_talks/123	url:http://digitalcommons.unl.edu/library_talks/123	3k6GM8o4
url:http://digitalcommons.unl.edu/scholcom/8	url:http://digitalcommons.unl.edu/scholcom/8	url:http://digitalcommons.unl.edu/scholcom/8	n1xo9kJ7
url:http://foreignpolicy.com/2017/09/06/the-worlds-largest-free-scientific-resource-is-now-blocked-in-russia/	url:http://foreignpolicy.com/2017/09/06/the-worlds-largest-free-scientific-resource-is-now-blocked-in-russia/	url:http://foreignpolicy.com/2017/09/06/the-worlds-largest-free-scientific-resource-is-now-blocked-in-russia/	PxpGmdxJ
url:http://lj.libraryjournal.com/2017/04/publishing/new-world-same-model-periodicals-price-survey-2017/	url:http://lj.libraryjournal.com/2017/04/publishing/new-world-same-model-periodicals-price-survey-2017/	url:http://lj.libraryjournal.com/2017/04/publishing/new-world-same-model-periodicals-price-survey-2017/	AgjD0tTw
url:http://summit.sfu.ca/item/12537	url:http://summit.sfu.ca/item/12537	url:http://summit.sfu.ca/item/12537	bGUjzQuG
url:http://www.arl.org/storage/documents/expenditure-trends.pdf	url:http://www.arl.org/storage/documents/expenditure-trends.pdf	url:http://www.arl.org/storage/documents/expenditure-trends.pdf	PR3qioJB
url:http://www.atlasobscura.com/articles/the-rise-of-illegal-pirate-libraries	url:http://www.atlasobscura.com/articles/the-rise-of-illegal-pirate-libraries	url:http://www.atlasobscura.com/articles/the-rise-of-illegal-pirate-libraries	xkkXadRh
tag:suny-acs	url:http://www.attemptingelegance.com/?p=1765	url:http://www.attemptingelegance.com/?p=1765	9Uk1lLUa
url:http://www.bib.umontreal.ca/communiques/20170504-DC-annulation-taylor-francis-va.htm	url:http://www.bib.umontreal.ca/communiques/20170504-DC-annulation-taylor-francis-va.htm	url:http://www.bib.umontreal.ca/communiques/20170504-DC-annulation-taylor-francis-va.htm	RkpJBRo6
url:http://www.dtic.mil/docs/citations/ADA465464	url:http://www.dtic.mil/docs/citations/ADA465464	url:http://www.dtic.mil/docs/citations/ADA465464	zvVsLNxf
url:http://www.leafscience.org/alexandra-elbakyan/	url:http://www.leafscience.org/alexandra-elbakyan/	url:http://www.leafscience.org/alexandra-elbakyan/	K6n65WB0
url:http://www.theregister.co.uk/2017/11/23/scihubs_become_inactive_following_court_order/	url:http://www.theregister.co.uk/2017/11/23/scihubs_become_inactive_following_court_order/	url:http://www.theregister.co.uk/2017/11/23/scihubs_become_inactive_following_court_order/	pmrIfHRq
url:https://dash.harvard.edu/handle/1/4322580	url:https://dash.harvard.edu/handle/1/4322580	url:https://dash.harvard.edu/handle/1/4322580	tSEdUvgK
url:https://engineuring.wordpress.com/2016/02/24/why-sci-hub-is-the-true-solution-for-open-access-reply-to-criticism/	url:https://engineuring.wordpress.com/2016/02/24/why-sci-hub-is-the-true-solution-for-open-access-reply-to-criticism/	url:https://engineuring.wordpress.com/2016/02/24/why-sci-hub-is-the-true-solution-for-open-access-reply-to-criticism/	DCZkZXsz
url:https://engineuring.wordpress.com/2016/03/11/sci-hub-is-a-goal-changing-the-system-is-a-method/	url:https://engineuring.wordpress.com/2016/03/11/sci-hub-is-a-goal-changing-the-system-is-a-method/	url:https://engineuring.wordpress.com/2016/03/11/sci-hub-is-a-goal-changing-the-system-is-a-method/	nZZjs6T6
url:https://engineuring.wordpress.com/2017/07/02/some-facts-on-sci-hub-that-wikipedia-gets-wrong/	url:https://engineuring.wordpress.com/2017/07/02/some-facts-on-sci-hub-that-wikipedia-gets-wrong/	url:https://engineuring.wordpress.com/2017/07/02/some-facts-on-sci-hub-that-wikipedia-gets-wrong/	1H8x8f4Y7
url:https://hdl.handle.net/10760/30981	url:https://hdl.handle.net/10760/30981	url:https://hdl.handle.net/10760/30981	17rORqxsI
url:https://media.consensys.net/decentralized-storage-the-backbone-of-the-third-web-d4bc54e79700	url:https://media.consensys.net/decentralized-storage-the-backbone-of-the-third-web-d4bc54e79700	url:https://media.consensys.net/decentralized-storage-the-backbone-of-the-third-web-d4bc54e79700	5gyFSQse
url:https://redd.it/2raea8	url:https://redd.it/2raea8	url:https://redd.it/2raea8	Hz2uRUJS
url:https://regmedia.co.uk/2017/11/07/sci_hub_block_order_short.pdf	url:https://regmedia.co.uk/2017/11/07/sci_hub_block_order_short.pdf	url:https://regmedia.co.uk/2017/11/07/sci_hub_block_order_short.pdf	XI4kiPR4
url:https://scholarlykitchen.sspnet.org/2016/03/02/sci-hub-and-the-four-horsemen-of-the-internet/	url:https://scholarlykitchen.sspnet.org/2016/03/02/sci-hub-and-the-four-horsemen-of-the-internet/	url:https://scholarlykitchen.sspnet.org/2016/03/02/sci-hub-and-the-four-horsemen-of-the-internet/	C3J6AH5V
url:https://scholarlykitchen.sspnet.org/2016/06/21/two-step-authentication-finally-coming-to-a-university-near-you/	url:https://scholarlykitchen.sspnet.org/2016/06/21/two-step-authentication-finally-coming-to-a-university-near-you/	url:https://scholarlykitchen.sspnet.org/2016/06/21/two-step-authentication-finally-coming-to-a-university-near-you/	2Vc1UrtB
url:https://scholarlykitchen.sspnet.org/2017/09/05/sci-hub-moves-center-ecosystem/	url:https://scholarlykitchen.sspnet.org/2017/09/05/sci-hub-moves-center-ecosystem/	url:https://scholarlykitchen.sspnet.org/2017/09/05/sci-hub-moves-center-ecosystem/	YX9zq2ZF
url:https://torrentfreak.com/court-orders-shutdown-of-libgen-bookfi-and-sci-hub-151102/	url:https://torrentfreak.com/court-orders-shutdown-of-libgen-bookfi-and-sci-hub-151102/	url:https://torrentfreak.com/court-orders-shutdown-of-libgen-bookfi-and-sci-hub-151102/	9GOM6WEw
url:https://torrentfreak.com/elsevier-cracks-down-on-pirated-scientific-articles-150609/	url:https://torrentfreak.com/elsevier-cracks-down-on-pirated-scientific-articles-150609/	url:https://torrentfreak.com/elsevier-cracks-down-on-pirated-scientific-articles-150609/	6ZrZVv6E
url:https://torrentfreak.com/new-lawsuit-demands-isp-blockades-against-pirate-site-sci-hub-170629/	url:https://torrentfreak.com/new-lawsuit-demands-isp-blockades-against-pirate-site-sci-hub-170629/	url:https://torrentfreak.com/new-lawsuit-demands-isp-blockades-against-pirate-site-sci-hub-170629/	17REO8hrA
url:https://torrentfreak.com/sci-hub-and-libgen-resurface-after-being-shut-down-151121/	url:https://torrentfreak.com/sci-hub-and-libgen-resurface-after-being-shut-down-151121/	url:https://torrentfreak.com/sci-hub-and-libgen-resurface-after-being-shut-down-151121/	16k28dBmH
url:https://torrentfreak.com/sci-hub-ordered-to-pay-15-million-in-piracy-damages-170623/	url:https://torrentfreak.com/sci-hub-ordered-to-pay-15-million-in-piracy-damages-170623/	url:https://torrentfreak.com/sci-hub-ordered-to-pay-15-million-in-piracy-damages-170623/	jlNm94FU
url:https://www.courtlistener.com/docket/4355308/1/elsevier-inc-v-sci-hub/	url:https://www.courtlistener.com/docket/4355308/1/elsevier-inc-v-sci-hub/	url:https://www.courtlistener.com/docket/4355308/1/elsevier-inc-v-sci-hub/	j3Zl6sH5
url:https://www.courtlistener.com/docket/4355308/50/elsevier-inc-v-sci-hub/	url:https://www.courtlistener.com/docket/4355308/50/elsevier-inc-v-sci-hub/	url:https://www.courtlistener.com/docket/4355308/50/elsevier-inc-v-sci-hub/	1BUarVNFD
url:https://www.courtlistener.com/docket/4355308/53/elsevier-inc-v-sci-hub/	url:https://www.courtlistener.com/docket/4355308/53/elsevier-inc-v-sci-hub/	url:https://www.courtlistener.com/docket/4355308/53/elsevier-inc-v-sci-hub/	BpCqwlYS
url:https://www.courtlistener.com/docket/4355308/6/elsevier-inc-v-sci-hub/	url:https://www.courtlistener.com/docket/4355308/6/elsevier-inc-v-sci-hub/	url:https://www.courtlistener.com/docket/4355308/6/elsevier-inc-v-sci-hub/	3noVfYfJ
url:https://www.courtlistener.com/docket/4355308/8/23/elsevier-inc-v-sci-hub/	url:https://www.courtlistener.com/docket/4355308/8/23/elsevier-inc-v-sci-hub/	url:https://www.courtlistener.com/docket/4355308/8/23/elsevier-inc-v-sci-hub/	1EZBJN9ej
url:https://www.courtlistener.com/docket/6146630/1/american-chemical-society-v-does-1-99/	url:https://www.courtlistener.com/docket/6146630/1/american-chemical-society-v-does-1-99/	url:https://www.courtlistener.com/docket/6146630/1/american-chemical-society-v-does-1-99/	Ia7JSsBI
url:https://www.documentcloud.org/documents/3878258-2017-06-21-Elsevier-Sci-Hub-Final-Judgement.html	url:https://www.documentcloud.org/documents/3878258-2017-06-21-Elsevier-Sci-Hub-Final-Judgement.html	url:https://www.documentcloud.org/documents/3878258-2017-06-21-Elsevier-Sci-Hub-Final-Judgement.html	17drH57zs
url:https://www.ebscohost.com/promoMaterials/Five_Year_Journal_Price_Increase_History_EBSCO_2013-2017.pdf	url:https://www.ebscohost.com/promoMaterials/Five_Year_Journal_Price_Increase_History_EBSCO_2013-2017.pdf	url:https://www.ebscohost.com/promoMaterials/Five_Year_Journal_Price_Increase_History_EBSCO_2013-2017.pdf	5e9PbvWY
url:https://www.insidehighered.com/blogs/library-babel-fish/inevitably-open	url:https://www.insidehighered.com/blogs/library-babel-fish/inevitably-open	url:https://www.insidehighered.com/blogs/library-babel-fish/inevitably-open	NIBjp6R1
url:https://www.nytimes.com/2016/03/13/opinion/sunday/should-all-research-papers-be-free.html	url:https://www.nytimes.com/2016/03/13/opinion/sunday/should-all-research-papers-be-free.html	url:https://www.nytimes.com/2016/03/13/opinion/sunday/should-all-research-papers-be-free.html	tMPCGeuL
url:https://www.theguardian.com/science/2012/jun/08/open-access-research-inevitable-nature-editor	url:https://www.theguardian.com/science/2012/jun/08/open-access-research-inevitable-nature-editor	url:https://www.theguardian.com/science/2012/jun/08/open-access-research-inevitable-nature-editor	Bj1n4rGt
url:https://www.theguardian.com/science/2017/jun/27/profitable-business-scientific-publishing-bad-for-science	url:https://www.theguardian.com/science/2017/jun/27/profitable-business-scientific-publishing-bad-for-science	url:https://www.theguardian.com/science/2017/jun/27/profitable-business-scientific-publishing-bad-for-science	D9un8JYo
url:https://www.timeshighereducation.com/news/dutch-lose-access-oup-journals-subscription-standoff	url:https://www.timeshighereducation.com/news/dutch-lose-access-oup-journals-subscription-standoff	url:https://www.timeshighereducation.com/news/dutch-lose-access-oup-journals-subscription-standoff	hOBvHaW9
