text	citation	standard_citation	citation_id
@arxiv:1407.3561v1	arxiv:1407.3561v1	arxiv:1407.3561v1	16kozZ9Ys
@doi:10.1000/182	doi:10.1000/182	doi:10.1000/182	8zeVK2hX
@doi:10.1002/asi.23445	doi:10.1002/asi.23445	doi:10.1002/asi.23445	18KKRwlN6
@doi:10.1007/978-3-319-49304-6_40	doi:10.1007/978-3-319-49304-6_40	doi:10.1007/978-3-319-49304-6_40	aUCPtxQc
@doi:10.1007/s11192-016-2225-6	doi:10.1007/s11192-016-2225-6	doi:10.1007/s11192-016-2225-6	10zxQMO6J
@doi:10.1016/j.joi.2015.11.008	doi:10.1016/j.joi.2015.11.008	doi:10.1016/j.joi.2015.11.008	9sCtTvlE
@doi:10.1016/j.serrev.2007.05.006	doi:10.1016/j.serrev.2007.05.006	doi:10.1016/j.serrev.2007.05.006	JDfJRWbr
@doi:10.1038/483134a	doi:10.1038/483134a	doi:10.1038/483134a	I6O7IKP7
@doi:10.1038/500386a	doi:10.1038/500386a	doi:10.1038/500386a	NE5AByb0
@doi:10.1038/535011f	doi:10.1038/535011f	doi:10.1038/535011f	d9g1ZhPz
@doi:10.1038/540507a	doi:10.1038/540507a	doi:10.1038/540507a	cUfIvWm6
@doi:10.1038/nature.2015.16731	doi:10.1038/nature.2015.16731	doi:10.1038/nature.2015.16731	ynhlmOBH
@doi:10.1038/nature.2015.18876	doi:10.1038/nature.2015.18876	doi:10.1038/nature.2015.18876	sR4uAYxB
@doi:10.1038/nature.2016.19841	doi:10.1038/nature.2016.19841	doi:10.1038/nature.2016.19841	Zp0s36X0
@doi:10.1038/nature.2016.21223	doi:10.1038/nature.2016.21223	doi:10.1038/nature.2016.21223	wnNilBvm
@doi:10.1038/nature.2017.22196	doi:10.1038/nature.2017.22196	doi:10.1038/nature.2017.22196	b5B01CbS
@doi:10.1038/nbt.3780	doi:10.1038/nbt.3780	doi:10.1038/nbt.3780	Qh7xTLwz
@doi:10.1045/november14-brook	doi:10.1045/november14-brook	doi:10.1045/november14-brook	llK8SMam
@doi:10.1098/rstl.1677.0003	doi:10.1098/rstl.1677.0003	doi:10.1098/rstl.1677.0003	HhEZiSSR
@doi:10.1101/142760	doi:10.1101/142760	doi:10.1101/142760	tJKvnIaZ
@doi:10.1101/162099	doi:10.1101/162099	doi:10.1101/162099	1BW4FtNLl
@doi:10.1126/science.352.6285.508	doi:10.1126/science.352.6285.508	doi:10.1126/science.352.6285.508	RsNXQAG2
@doi:10.1126/science.aaf5664	doi:10.1126/science.aaf5664	doi:10.1126/science.aaf5664	t4r48QpO
@doi:10.1126/science.aaf5675	doi:10.1126/science.aaf5675	doi:10.1126/science.aaf5675	JVjciZPv
@doi:10.1126/science.aaf5704	doi:10.1126/science.aaf5704	doi:10.1126/science.aaf5704	cOKy7PSo
@doi:10.1126/science.aal0552	doi:10.1126/science.aal0552	doi:10.1126/science.aal0552	uKvlPbm2
@doi:10.12688/f1000research.11366.1	doi:10.12688/f1000research.11366.1	doi:10.12688/f1000research.11366.1	iLKgjFDu
@doi:10.12688/f1000research.8460.3	doi:10.12688/f1000research.8460.3	doi:10.12688/f1000research.8460.3	PuP45jrB
@doi:10.1371/journal.pone.0093949	doi:10.1371/journal.pone.0093949	doi:10.1371/journal.pone.0093949	MNHagzoO
@doi:10.15200/winn.146485.57797	doi:10.15200/winn.146485.57797	doi:10.15200/winn.146485.57797	uBm4Sor6
@doi:10.1629/uksg.333	doi:10.1629/uksg.333	doi:10.1629/uksg.333	102oWwJt1
@doi:10.2139/ssrn.2616636	doi:10.2139/ssrn.2616636	doi:10.2139/ssrn.2616636	R9mR68Y4
@doi:10.2139/ssrn.2816925	doi:10.2139/ssrn.2816925	doi:10.2139/ssrn.2816925	2TjdrEPp
@doi:10.2196/jmir.3331	doi:10.2196/jmir.3331	doi:10.2196/jmir.3331	8mg1a0YE
@doi:10.3233/978-1-61499-769-6-118	doi:10.3233/978-1-61499-769-6-118	doi:10.3233/978-1-61499-769-6-118	cunYx7X4
@doi:10.3403/30177056	doi:10.3403/30177056	doi:10.3403/30177056	LS0mB1CD
@doi:10.5061/dryad.q447c/1	doi:10.5061/dryad.q447c/1	doi:10.5061/dryad.q447c/1	kQFQ8EaO
@doi:10.5061/dryad.q447c/2	doi:10.5061/dryad.q447c/2	doi:10.5061/dryad.q447c/2	AeHqdtRV
@doi:10.5281/zenodo.472493	doi:10.5281/zenodo.472493	doi:10.5281/zenodo.472493	nnSxBFFr
@doi:10.6084/m9.figshare.1186832.v23	doi:10.6084/m9.figshare.1186832.v23	doi:10.6084/m9.figshare.1186832.v23	12rSJsEKK
@doi:10.6084/m9.figshare.4542433.v6	doi:10.6084/m9.figshare.4542433.v6	doi:10.6084/m9.figshare.4542433.v6	GWp5Zx0w
@doi:10.6084/m9.figshare.4816720.v1	doi:10.6084/m9.figshare.4816720.v1	doi:10.6084/m9.figshare.4816720.v1	1E6E4mpZ
@doi:10.6084/m9.figshare.4906367.v1	doi:10.6084/m9.figshare.4906367.v1	doi:10.6084/m9.figshare.4906367.v1	GxWkjeN2
@doi:10.6084/m9.figshare.5231245.v1	doi:10.6084/m9.figshare.5231245.v1	doi:10.6084/m9.figshare.5231245.v1	Th4EY2wD
@doi:10.6087/kcse.2014.1.13	doi:10.6087/kcse.2014.1.13	doi:10.6087/kcse.2014.1.13	Eq78IAX4
@url:http://bigthink.com/neurobonkers/a-pirate-bay-for-science	url:http://bigthink.com/neurobonkers/a-pirate-bay-for-science	url:http://bigthink.com/neurobonkers/a-pirate-bay-for-science	SlcfPQQQ
@url:http://blog.dhimmel.com/biorxiv-licenses/	url:http://blog.dhimmel.com/biorxiv-licenses/	url:http://blog.dhimmel.com/biorxiv-licenses/	7aXVorCC
@url:http://cen.acs.org/articles/92/web/2014/04/Online-Access-ACS-Publications-Restored.html	url:http://cen.acs.org/articles/92/web/2014/04/Online-Access-ACS-Publications-Restored.html	url:http://cen.acs.org/articles/92/web/2014/04/Online-Access-ACS-Publications-Restored.html	xn59qVAG
@url:http://digitalcommons.unl.edu/library_talks/123	url:http://digitalcommons.unl.edu/library_talks/123	url:http://digitalcommons.unl.edu/library_talks/123	3k6GM8o4
@url:http://digitalcommons.unl.edu/scholcom/8	url:http://digitalcommons.unl.edu/scholcom/8	url:http://digitalcommons.unl.edu/scholcom/8	n1xo9kJ7
@url:http://www.atlasobscura.com/articles/the-rise-of-illegal-pirate-libraries	url:http://www.atlasobscura.com/articles/the-rise-of-illegal-pirate-libraries	url:http://www.atlasobscura.com/articles/the-rise-of-illegal-pirate-libraries	xkkXadRh
@url:http://www.dtic.mil/docs/citations/ADA465464	url:http://www.dtic.mil/docs/citations/ADA465464	url:http://www.dtic.mil/docs/citations/ADA465464	zvVsLNxf
@url:http://www.leafscience.org/alexandra-elbakyan/	url:http://www.leafscience.org/alexandra-elbakyan/	url:http://www.leafscience.org/alexandra-elbakyan/	K6n65WB0
@url:https://dash.harvard.edu/handle/1/4322580	url:https://dash.harvard.edu/handle/1/4322580	url:https://dash.harvard.edu/handle/1/4322580	tSEdUvgK
@url:https://engineuring.wordpress.com/2016/02/24/why-sci-hub-is-the-true-solution-for-open-access-reply-to-criticism/	url:https://engineuring.wordpress.com/2016/02/24/why-sci-hub-is-the-true-solution-for-open-access-reply-to-criticism/	url:https://engineuring.wordpress.com/2016/02/24/why-sci-hub-is-the-true-solution-for-open-access-reply-to-criticism/	DCZkZXsz
@url:https://engineuring.wordpress.com/2016/03/11/sci-hub-is-a-goal-changing-the-system-is-a-method/	url:https://engineuring.wordpress.com/2016/03/11/sci-hub-is-a-goal-changing-the-system-is-a-method/	url:https://engineuring.wordpress.com/2016/03/11/sci-hub-is-a-goal-changing-the-system-is-a-method/	nZZjs6T6
@url:https://engineuring.wordpress.com/2017/07/02/some-facts-on-sci-hub-that-wikipedia-gets-wrong/	url:https://engineuring.wordpress.com/2017/07/02/some-facts-on-sci-hub-that-wikipedia-gets-wrong/	url:https://engineuring.wordpress.com/2017/07/02/some-facts-on-sci-hub-that-wikipedia-gets-wrong/	1H8x8f4Y7
@url:https://hdl.handle.net/10760/30981	url:https://hdl.handle.net/10760/30981	url:https://hdl.handle.net/10760/30981	17rORqxsI
@url:https://media.consensys.net/decentralized-storage-the-backbone-of-the-third-web-d4bc54e79700	url:https://media.consensys.net/decentralized-storage-the-backbone-of-the-third-web-d4bc54e79700	url:https://media.consensys.net/decentralized-storage-the-backbone-of-the-third-web-d4bc54e79700	5gyFSQse
@url:https://redd.it/2raea8	url:https://redd.it/2raea8	url:https://redd.it/2raea8	Hz2uRUJS
@url:https://torrentfreak.com/court-orders-shutdown-of-libgen-bookfi-and-sci-hub-151102/	url:https://torrentfreak.com/court-orders-shutdown-of-libgen-bookfi-and-sci-hub-151102/	url:https://torrentfreak.com/court-orders-shutdown-of-libgen-bookfi-and-sci-hub-151102/	9GOM6WEw
@url:https://torrentfreak.com/elsevier-cracks-down-on-pirated-scientific-articles-150609/	url:https://torrentfreak.com/elsevier-cracks-down-on-pirated-scientific-articles-150609/	url:https://torrentfreak.com/elsevier-cracks-down-on-pirated-scientific-articles-150609/	6ZrZVv6E
@url:https://torrentfreak.com/new-lawsuit-demands-isp-blockades-against-pirate-site-sci-hub-170629/	url:https://torrentfreak.com/new-lawsuit-demands-isp-blockades-against-pirate-site-sci-hub-170629/	url:https://torrentfreak.com/new-lawsuit-demands-isp-blockades-against-pirate-site-sci-hub-170629/	17REO8hrA
@url:https://torrentfreak.com/sci-hub-and-libgen-resurface-after-being-shut-down-151121/	url:https://torrentfreak.com/sci-hub-and-libgen-resurface-after-being-shut-down-151121/	url:https://torrentfreak.com/sci-hub-and-libgen-resurface-after-being-shut-down-151121/	16k28dBmH
@url:https://torrentfreak.com/sci-hub-ordered-to-pay-15-million-in-piracy-damages-170623/	url:https://torrentfreak.com/sci-hub-ordered-to-pay-15-million-in-piracy-damages-170623/	url:https://torrentfreak.com/sci-hub-ordered-to-pay-15-million-in-piracy-damages-170623/	jlNm94FU
@url:https://www.courtlistener.com/docket/4355308/1/elsevier-inc-v-sci-hub/	url:https://www.courtlistener.com/docket/4355308/1/elsevier-inc-v-sci-hub/	url:https://www.courtlistener.com/docket/4355308/1/elsevier-inc-v-sci-hub/	j3Zl6sH5
@url:https://www.courtlistener.com/docket/4355308/50/elsevier-inc-v-sci-hub/	url:https://www.courtlistener.com/docket/4355308/50/elsevier-inc-v-sci-hub/	url:https://www.courtlistener.com/docket/4355308/50/elsevier-inc-v-sci-hub/	1BUarVNFD
@url:https://www.courtlistener.com/docket/4355308/53/elsevier-inc-v-sci-hub/	url:https://www.courtlistener.com/docket/4355308/53/elsevier-inc-v-sci-hub/	url:https://www.courtlistener.com/docket/4355308/53/elsevier-inc-v-sci-hub/	BpCqwlYS
@url:https://www.courtlistener.com/docket/4355308/8/23/elsevier-inc-v-sci-hub/	url:https://www.courtlistener.com/docket/4355308/8/23/elsevier-inc-v-sci-hub/	url:https://www.courtlistener.com/docket/4355308/8/23/elsevier-inc-v-sci-hub/	1EZBJN9ej
@url:https://www.documentcloud.org/documents/3878258-2017-06-21-Elsevier-Sci-Hub-Final-Judgement.html	url:https://www.documentcloud.org/documents/3878258-2017-06-21-Elsevier-Sci-Hub-Final-Judgement.html	url:https://www.documentcloud.org/documents/3878258-2017-06-21-Elsevier-Sci-Hub-Final-Judgement.html	17drH57zs
@url:https://www.documentcloud.org/documents/3879464-2017-06-23-ACS-Sci-Hub-Complaint.html	url:https://www.documentcloud.org/documents/3879464-2017-06-23-ACS-Sci-Hub-Complaint.html	url:https://www.documentcloud.org/documents/3879464-2017-06-23-ACS-Sci-Hub-Complaint.html	POar53EX
@url:https://www.nytimes.com/2016/03/13/opinion/sunday/should-all-research-papers-be-free.html	url:https://www.nytimes.com/2016/03/13/opinion/sunday/should-all-research-papers-be-free.html	url:https://www.nytimes.com/2016/03/13/opinion/sunday/should-all-research-papers-be-free.html	tMPCGeuL
