id	URL	snapshot
16kozZ9Ys	https://arxiv.org/abs/1407.3561v1	http://web.archive.org/web/20180125205333/https://arxiv.org/abs/1407.3561v1
8zeVK2hX	https://doi.org/10.1000/182	http://web.archive.org/web/20180125205338/http://www.doi.org/hb.html
18KKRwlN6	https://doi.org/10.1002/asi.23445	
aUCPtxQc	https://doi.org/10.1007/978-3-319-49304-6_40	
QyHSyHo3	https://doi.org/10.1007/s11192-015-1765-5	
10zxQMO6J	https://doi.org/10.1007/s11192-016-2225-6	
KDvO1ctK	https://doi.org/10.1007/s12525-017-0249-2	
9sCtTvlE	https://doi.org/10.1016/j.joi.2015.11.008	http://web.archive.org/web/20180125205359/http://linkinghub.elsevier.com/retrieve/pii/S1751157715301176
JDfJRWbr	https://doi.org/10.1016/j.serrev.2007.05.006	
17wtGC2m7	https://doi.org/10.1016/s2214-109x(16)30188-7	http://web.archive.org/web/20180125205411/http://linkinghub.elsevier.com/retrieve/pii/S2214109X16301887
I6O7IKP7	https://doi.org/10.1038/483134a	http://web.archive.org/web/20180125205421/http://www.nature.com/news/trouble-at-the-text-mine-1.10184
xDn5v2f3	https://doi.org/10.1038/495426a	http://web.archive.org/web/20180125205434/http://www.nature.com/news/open-access-the-true-cost-of-science-publishing-1.12676
NE5AByb0	https://doi.org/10.1038/500386a	http://web.archive.org/web/20180125205443/http://www.nature.com/news/half-of-2011-papers-now-free-to-read-1.13577
HGqCqC3H	https://doi.org/10.1038/508161a	http://web.archive.org/web/20180125205450/http://www.nature.com/news/funders-punish-open-access-dodgers-1.15007
PZA0cOT1	https://doi.org/10.1038/530148a	http://web.archive.org/web/20180125205500/http://www.nature.com/news/does-it-take-too-long-to-publish-research-1.19320
d9g1ZhPz	https://doi.org/10.1038/535011f	http://web.archive.org/web/20180125205511/http://www.nature.com/news/publisher-under-fire-for-fake-article-webpages-1.20154
cUfIvWm6	https://doi.org/10.1038/540507a	
u69TZrHD	https://doi.org/10.1038/d41586-017-05922-9	http://web.archive.org/web/20180125205527/http://www.nature.com/articles/d41586-017-05922-9
I5vVmgFo	https://doi.org/10.1038/d41586-017-07817-1	http://web.archive.org/web/20180125205533/http://www.nature.com/articles/d41586-017-07817-1
ynhlmOBH	https://doi.org/10.1038/nature.2015.16731	http://web.archive.org/web/20180125205540/http://www.nature.com/news/nature-owner-merges-with-publishing-giant-1.16731
sR4uAYxB	https://doi.org/10.1038/nature.2015.18876	http://web.archive.org/web/20180125205547/http://www.nature.com/news/pirate-research-paper-sites-play-hide-and-seek-with-publishers-1.18876
Zp0s36X0	https://doi.org/10.1038/nature.2016.19841	http://web.archive.org/web/20180125205556/http://www.nature.com/news/paper-piracy-sparks-online-debate-1.19841
wnNilBvm	https://doi.org/10.1038/nature.2016.21223	http://web.archive.org/web/20180125205601/http://www.nature.com/news/scientists-in-germany-peru-and-taiwan-to-lose-access-to-elsevier-journals-1.21223
xehij8U0	https://doi.org/10.1038/nature.2017.21482	http://web.archive.org/web/20180125205607/http://www.nature.com/news/german-scientists-regain-access-to-elsevier-journals-1.21482
8AIp1E7j	https://doi.org/10.1038/nature.2017.21765	http://web.archive.org/web/20180125205614/http://www.nature.com/news/unpaywall-finds-free-versions-of-paywalled-papers-1.21765
b5B01CbS	https://doi.org/10.1038/nature.2017.22196	http://web.archive.org/web/20180125205623/http://www.nature.com/news/us-court-grants-elsevier-millions-in-damages-from-sci-hub-1.22196
WBnZqVXT	https://doi.org/10.1038/nature.2017.22971	http://web.archive.org/web/20180125205631/http://www.nature.com/news/pirate-paper-website-sci-hub-dealt-another-blow-by-us-courts-1.22971
Qh7xTLwz	https://doi.org/10.1038/nbt.3780	http://web.archive.org/web/20180125205638/http://www.nature.com/articles/nbt.3780
llK8SMam	https://doi.org/10.1045/november14-brook	http://web.archive.org/web/20180125205644/http://www.dlib.org/dlib/november14/brook/11brook.html
7oTLbigW	https://doi.org/10.1073/pnas.1403006111	http://web.archive.org/web/20180125205649/http://www.pnas.org/content/111/26/9425
13ynzWtv8	https://doi.org/10.1080/00987913.2005.10764998	
HhEZiSSR	https://doi.org/10.1098/rstl.1677.0003	http://web.archive.org/web/20180125205704/http://rstl.royalsocietypublishing.org/content/12/133/821
tJKvnIaZ	https://doi.org/10.1101/142760	http://web.archive.org/web/20180125205710/https://www.biorxiv.org/content/early/2018/01/19/142760
1BW4FtNLl	https://doi.org/10.1101/162099	http://web.archive.org/web/20180125205715/https://www.biorxiv.org/content/early/2017/07/11/162099
H2hXqKsr	https://doi.org/10.1108/jd-12-2013-0166	
nyZChH5b	https://doi.org/10.1109/tvcg.2016.2599030	http://web.archive.org/web/20180125205729/http://ieeexplore.ieee.org/document/7539624/?reload=true
RsNXQAG2	https://doi.org/10.1126/science.352.6285.508	http://web.archive.org/web/20180125205736/http://science.sciencemag.org/content/352/6285/508
pzBnDw2j	https://doi.org/10.1126/science.355.6320.17	http://web.archive.org/web/20180125205741/http://science.sciencemag.org/content/355/6320/17
t4r48QpO	https://doi.org/10.1126/science.aaf5664	http://web.archive.org/web/20180125205750/http://www.sciencemag.org/news/2016/04/whos-downloading-pirated-papers-everyone
JVjciZPv	https://doi.org/10.1126/science.aaf5675	
cOKy7PSo	https://doi.org/10.1126/science.aaf5704	http://web.archive.org/web/20180125210105/http://www.sciencemag.org/news/2016/05/survey-most-give-thumbs-pirated-papers
uKvlPbm2	https://doi.org/10.1126/science.aal0552	http://web.archive.org/web/20180125210109/http://www.sciencemag.org/news/2016/12/thousands-german-researchers-set-lose-access-elsevier-journals
sheBR4X4	https://doi.org/10.1126/science.aan7164	http://web.archive.org/web/20180125210116/http://www.sciencemag.org/news/2017/07/sci-hub-s-cache-pirated-papers-so-big-subscription-journals-are-doomed-data-analyst
1F2Ri1rrL	https://doi.org/10.1126/science.aap7562	http://web.archive.org/web/20180125210120/http://www.sciencemag.org/news/2017/08/bold-open-access-push-germany-could-change-future-academic-publishing
1BKBt9JRq	https://doi.org/10.1126/science.aaq0132	http://web.archive.org/web/20180125210126/http://www.sciencemag.org/news/2017/09/publishers-go-after-networking-site-illicit-sharing-journal-papers
pehBllPA	https://doi.org/10.1126/science.aaq0747	http://web.archive.org/web/20180125210131/http://www.sciencemag.org/news/2017/09/are-preprints-future-biology-survival-guide-scientists
nVGhXBcX	https://doi.org/10.1126/science.aaq1560	http://web.archive.org/web/20180125210136/http://www.sciencemag.org/news/2017/10/publishers-take-researchgate-court-alleging-massive-copyright-infringement
K29A7oBE	https://doi.org/10.1186/s12916-015-0469-2	http://web.archive.org/web/20180125210153/https://bmcmedicine.biomedcentral.com/articles/10.1186/s12916-015-0469-2
iLKgjFDu	https://doi.org/10.12688/f1000research.11366.1	http://web.archive.org/web/20180125210158/https://f1000research.com/articles/6-541/v1
Akbe7cNV	https://doi.org/10.12688/f1000research.11415.2	http://web.archive.org/web/20180125210204/https://f1000research.com/articles/6-518/v2
PuP45jrB	https://doi.org/10.12688/f1000research.8460.3	http://web.archive.org/web/20180125210211/https://f1000research.com/articles/5-632/v3
18zoY6Ild	https://doi.org/10.1300/j123v18n01_09	
MNHagzoO	https://doi.org/10.1371/journal.pone.0093949	http://web.archive.org/web/20180125210227/http://journals.plos.org/plosone/article?id=10.1371/journal.pone.0093949
OGMKPsIG	https://doi.org/10.1371/journal.pone.0127502	http://web.archive.org/web/20180125210232/http://journals.plos.org/plosone/article?id=10.1371/journal.pone.0127502
3kbMq39u	https://doi.org/10.1371/journal.pone.0185673	http://web.archive.org/web/20180125210237/http://journals.plos.org/plosone/article?id=10.1371/journal.pone.0185673
uBm4Sor6	https://doi.org/10.15200/winn.146485.57797	http://web.archive.org/web/20180125210241/https://thewinnower.com/papers/4715-correlating-the-sci-hub-data-with-world-bank-indicators-and-identifying-academic-use
VC6kWHG2	https://doi.org/10.1629/2460	http://web.archive.org/web/20180125210253/https://serials.uksg.org/articles/10.1629/2460/
102oWwJt1	https://doi.org/10.1629/uksg.333	http://web.archive.org/web/20180125210301/https://insights.uksg.org/articles/10.1629/uksg.333/
R9mR68Y4	https://doi.org/10.2139/ssrn.2616636	http://web.archive.org/web/20180125210308/https://papers.ssrn.com/sol3/papers.cfm?abstract_id=2616636
2TjdrEPp	https://doi.org/10.2139/ssrn.2816925	http://web.archive.org/web/20180125210312/https://papers.ssrn.com/sol3/papers.cfm?abstract_id=2816925
8mg1a0YE	https://doi.org/10.2196/jmir.3331	http://web.archive.org/web/20180125210316/http://www.jmir.org/2014/4/e112/
cunYx7X4	https://doi.org/10.3233/978-1-61499-769-6-118	
LS0mB1CD	https://doi.org/10.3403/30177056	http://web.archive.org/web/20180125210333/https://landingpage.bsigroup.com/LandingPage/Standard?UPI=000000000030177056
1Fdmn0XsW	https://doi.org/10.3897/jhr.58.12919	http://web.archive.org/web/20180125210338/https://jhr.pensoft.net/articles.php?id=12919
16BrOMxI0	https://doi.org/10.3998/3336451.0018.301	http://web.archive.org/web/20180125210345/https://quod.lib.umich.edu/j/jep/3336451.0018.301?view=text;rgn=main
kQFQ8EaO	https://doi.org/10.5061/dryad.q447c/1	http://web.archive.org/web/20180125210350/http://datadryad.org/resource/doi:10.5061/dryad.q447c/1
SuZ30LxR	https://doi.org/10.5062/f4g73bp3	http://web.archive.org/web/20180125210355/http://istl.org/14-fall/refereed4.html
nnSxBFFr	https://doi.org/10.5281/zenodo.472493	http://web.archive.org/web/20180125210358/https://zenodo.org/record/472493
1D9l2pC2b	https://doi.org/10.5281/zenodo.837902	http://web.archive.org/web/20180125210404/https://zenodo.org/record/837902
8RacTmaJ	https://doi.org/10.5860/crl-299	http://web.archive.org/web/20180125210408/http://crl.acrl.org/index.php/crl/article/view/16255
1BSPYL8jl	https://doi.org/10.5860/crln.72.11.8671	http://web.archive.org/web/20180125210411/http://crln.acrl.org/index.php/crlnews/article/view/8671
12rSJsEKK	https://doi.org/10.6084/m9.figshare.1186832.v23	http://web.archive.org/web/20180125210416/https://figshare.com/articles/Journal_subscription_costs_FOIs_to_UK_universities/1186832/23
n73t9GPC	https://doi.org/10.6084/m9.figshare.3443876.v3	http://web.archive.org/web/20180125210420/https://figshare.com/articles/Metadata_for_the_OpenCitations_Corpus/3443876/3
GWp5Zx0w	https://doi.org/10.6084/m9.figshare.4542433.v6	http://web.archive.org/web/20180125210423/https://figshare.com/articles/Journal_subscription_expenditure_in_the_UK_2015-16/4542433/6
1E6E4mpZ	https://doi.org/10.6084/m9.figshare.4816720.v1	http://web.archive.org/web/20180125210427/https://figshare.com/articles/Metadata_for_all_DOIs_in_Crossref_JSON_MongoDB_exports_of_all_works_from_the_Crossref_API/4816720/1
GxWkjeN2	https://doi.org/10.6084/m9.figshare.4906367.v1	http://web.archive.org/web/20180125210431/https://figshare.com/articles/Scimag_catalogue_of_LibGen_as_of_January_1st_2014/4906367/1
Th4EY2wD	https://doi.org/10.6084/m9.figshare.5231245.v1	http://web.archive.org/web/20180125210435/https://figshare.com/articles/A_user-friendly_extract_of_the_LibGen_scimag_metadata_SQL_dump_on_2017-04-07/5231245/1
10hS1L2vZ	https://doi.org/10.6084/m9.figshare.5255365.v1	http://web.archive.org/web/20180125210439/https://figshare.com/articles/OCC_dataset_of_all_the_bibliographic_resources_made_on_2017-07-25/5255365/1
1EcDRAPGi	https://doi.org/10.6084/m9.figshare.5255368.v1	http://web.archive.org/web/20180125210442/https://figshare.com/articles/OCC_dataset_of_all_the_identifiers_made_on_2017-07-25/5255368/1
Eq78IAX4	https://doi.org/10.6087/kcse.2014.1.13	http://web.archive.org/web/20180125210451/https://www.escienceediting.org/journal/view.php?doi=10.6087/kcse.2014.1.13
11cb5HXoY	https://doi.org/10.7287/peerj.preprints.3100v1	http://web.archive.org/web/20180125210457/https://peerj.com/preprints/3100/
eOi5pOoT	https://doi.org/10.7287/peerj.preprints.3119v1	http://web.archive.org/web/20180125210502/https://peerj.com/preprints/3119/
9JroGcRn	https://doi.org/10.7287/peerj.preprints.3520v1	http://web.archive.org/web/20180125210521/https://peerj.com/preprints/3520/
GLDH745f	http://alla-astakhova.ru/sci-hub/	http://web.archive.org/web/20180125210525/http://alla-astakhova.ru/sci-hub/
SlcfPQQQ	http://bigthink.com/neurobonkers/a-pirate-bay-for-science	http://web.archive.org/web/20180125210529/http://bigthink.com/neurobonkers/a-pirate-bay-for-science
7aXVorCC	http://blog.dhimmel.com/biorxiv-licenses/	http://web.archive.org/web/20180125210532/http://blog.dhimmel.com/biorxiv-licenses/
GhX9kmM1	http://blog.impactstory.org/introducting-oadoi/	http://web.archive.org/web/20180125210535/http://blog.impactstory.org/introducting-oadoi/
xn59qVAG	http://cen.acs.org/articles/92/web/2014/04/Online-Access-ACS-Publications-Restored.html	http://web.archive.org/web/20180125210544/https://cen.acs.org/articles/92/web/2014/04/Online-Access-ACS-Publications-Restored.html
3k6GM8o4	http://digitalcommons.unl.edu/library_talks/123	http://web.archive.org/web/20180125210549/https://digitalcommons.unl.edu/library_talks/123/
n1xo9kJ7	http://digitalcommons.unl.edu/scholcom/8	http://web.archive.org/web/20180125210552/https://digitalcommons.unl.edu/scholcom/8/
PxpGmdxJ	http://foreignpolicy.com/2017/09/06/the-worlds-largest-free-scientific-resource-is-now-blocked-in-russia/	http://web.archive.org/web/20180125210554/http://foreignpolicy.com/2017/09/06/the-worlds-largest-free-scientific-resource-is-now-blocked-in-russia/
AgjD0tTw	http://lj.libraryjournal.com/2017/04/publishing/new-world-same-model-periodicals-price-survey-2017/	http://web.archive.org/web/20180125210557/http://lj.libraryjournal.com/2017/04/publishing/new-world-same-model-periodicals-price-survey-2017/
bGUjzQuG	http://summit.sfu.ca/item/12537	http://web.archive.org/web/20180125210602/http://summit.sfu.ca/item/12537
PR3qioJB	http://www.arl.org/storage/documents/expenditure-trends.pdf	
xkkXadRh	http://www.atlasobscura.com/articles/the-rise-of-illegal-pirate-libraries	http://web.archive.org/web/20180125210613/https://www.atlasobscura.com/articles/the-rise-of-illegal-pirate-libraries
9Uk1lLUa	http://www.attemptingelegance.com/?p=1765	http://web.archive.org/web/20180125210616/http://www.attemptingelegance.com/?p=1765
RkpJBRo6	http://www.bib.umontreal.ca/communiques/20170504-DC-annulation-taylor-francis-va.htm	http://web.archive.org/web/20180125210636/http://www.bib.umontreal.ca/communiques/20170504-DC-annulation-taylor-francis-va.htm
zvVsLNxf	http://www.dtic.mil/docs/citations/ADA465464	http://web.archive.org/web/20180125210639/http://www.dtic.mil/docs/citations/ADA465464
K6n65WB0	http://www.leafscience.org/alexandra-elbakyan/	
pmrIfHRq	http://www.theregister.co.uk/2017/11/23/scihubs_become_inactive_following_court_order/	http://web.archive.org/web/20180125210645/http://www.theregister.co.uk/2017/11/23/sci_hubs_become_inactive_following_court_order/
tSEdUvgK	https://dash.harvard.edu/handle/1/4322580	http://web.archive.org/web/20180125210648/https://dash.harvard.edu/handle/1/4322580
DCZkZXsz	https://engineuring.wordpress.com/2016/02/24/why-sci-hub-is-the-true-solution-for-open-access-reply-to-criticism/	http://web.archive.org/web/20180125210651/https://engineuring.wordpress.com/2016/02/24/why-sci-hub-is-the-true-solution-for-open-access-reply-to-criticism/
nZZjs6T6	https://engineuring.wordpress.com/2016/03/11/sci-hub-is-a-goal-changing-the-system-is-a-method/	http://web.archive.org/web/20180125210655/https://engineuring.wordpress.com/2016/03/11/sci-hub-is-a-goal-changing-the-system-is-a-method/
1H8x8f4Y7	https://engineuring.wordpress.com/2017/07/02/some-facts-on-sci-hub-that-wikipedia-gets-wrong/	http://web.archive.org/web/20180125210657/https://engineuring.wordpress.com/2017/07/02/some-facts-on-sci-hub-that-wikipedia-gets-wrong/
17rORqxsI	https://hdl.handle.net/10760/30981	http://web.archive.org/web/20180125210704/http://eprints.rclis.org/30981/
5gyFSQse	https://media.consensys.net/decentralized-storage-the-backbone-of-the-third-web-d4bc54e79700	http://web.archive.org/web/20180125210709/https://media.consensys.net/decentralized-storage-the-backbone-of-the-third-web-d4bc54e79700?gi=cbdbbc97bda3
LgXhvEw7	https://mitpress.mit.edu/books/open-access	http://web.archive.org/web/20180125210713/https://mitpress.mit.edu/books/open-access
Hz2uRUJS	https://redd.it/2raea8	
XI4kiPR4	https://regmedia.co.uk/2017/11/07/sci_hub_block_order_short.pdf	
C3J6AH5V	https://scholarlykitchen.sspnet.org/2016/03/02/sci-hub-and-the-four-horsemen-of-the-internet/	
2Vc1UrtB	https://scholarlykitchen.sspnet.org/2016/06/21/two-step-authentication-finally-coming-to-a-university-near-you/	
YX9zq2ZF	https://scholarlykitchen.sspnet.org/2017/09/05/sci-hub-moves-center-ecosystem/	
cHL7ycpV	https://sparcopen.org/our-work/big-deal-cancellation-tracking/	http://web.archive.org/web/20180125211021/https://sparcopen.org/our-work/big-deal-cancellation-tracking/
9GOM6WEw	https://torrentfreak.com/court-orders-shutdown-of-libgen-bookfi-and-sci-hub-151102/	http://web.archive.org/web/20180125211026/https://torrentfreak.com/court-orders-shutdown-of-libgen-bookfi-and-sci-hub-151102/
6ZrZVv6E	https://torrentfreak.com/elsevier-cracks-down-on-pirated-scientific-articles-150609/	http://web.archive.org/web/20180125211029/https://torrentfreak.com/elsevier-cracks-down-on-pirated-scientific-articles-150609/
17REO8hrA	https://torrentfreak.com/new-lawsuit-demands-isp-blockades-against-pirate-site-sci-hub-170629/	http://web.archive.org/web/20180125211033/https://torrentfreak.com/new-lawsuit-demands-isp-blockades-against-pirate-site-sci-hub-170629/
16k28dBmH	https://torrentfreak.com/sci-hub-and-libgen-resurface-after-being-shut-down-151121/	http://web.archive.org/web/20180125211036/https://torrentfreak.com/sci-hub-and-libgen-resurface-after-being-shut-down-151121/
jlNm94FU	https://torrentfreak.com/sci-hub-ordered-to-pay-15-million-in-piracy-damages-170623/	http://web.archive.org/web/20180125211040/https://torrentfreak.com/sci-hub-ordered-to-pay-15-million-in-piracy-damages-170623/
j3Zl6sH5	https://www.courtlistener.com/docket/4355308/1/elsevier-inc-v-sci-hub/	http://web.archive.org/web/20180125211043/https://www.courtlistener.com/docket/4355308/1/elsevier-inc-v-sci-hub/
1BUarVNFD	https://www.courtlistener.com/docket/4355308/50/elsevier-inc-v-sci-hub/	http://web.archive.org/web/20180125211046/https://www.courtlistener.com/docket/4355308/50/elsevier-inc-v-sci-hub/
BpCqwlYS	https://www.courtlistener.com/docket/4355308/53/elsevier-inc-v-sci-hub/	http://web.archive.org/web/20180125211048/https://www.courtlistener.com/docket/4355308/53/elsevier-inc-v-sci-hub/
3noVfYfJ	https://www.courtlistener.com/docket/4355308/6/elsevier-inc-v-sci-hub/	http://web.archive.org/web/20180125211051/https://www.courtlistener.com/docket/4355308/6/elsevier-inc-v-sci-hub/
1EZBJN9ej	https://www.courtlistener.com/docket/4355308/8/23/elsevier-inc-v-sci-hub/	http://web.archive.org/web/20180125211053/https://www.courtlistener.com/docket/4355308/8/23/elsevier-inc-v-sci-hub/
Ia7JSsBI	https://www.courtlistener.com/docket/6146630/1/american-chemical-society-v-does-1-99/	http://web.archive.org/web/20180125211056/https://www.courtlistener.com/docket/6146630/1/american-chemical-society-v-does-1-99/
17drH57zs	https://www.documentcloud.org/documents/3878258-2017-06-21-Elsevier-Sci-Hub-Final-Judgement.html	http://web.archive.org/web/20180125211058/https://www.documentcloud.org/documents/3878258-2017-06-21-Elsevier-Sci-Hub-Final-Judgement.html
5e9PbvWY	https://www.ebscohost.com/promoMaterials/Five_Year_Journal_Price_Increase_History_EBSCO_2013-2017.pdf	
NIBjp6R1	https://www.insidehighered.com/blogs/library-babel-fish/inevitably-open	http://web.archive.org/web/20180125211105/https://www.insidehighered.com/blogs/library-babel-fish/inevitably-open
tMPCGeuL	https://www.nytimes.com/2016/03/13/opinion/sunday/should-all-research-papers-be-free.html	http://web.archive.org/web/20180125211108/https://www.nytimes.com/2016/03/13/opinion/sunday/should-all-research-papers-be-free.html
Bj1n4rGt	https://www.theguardian.com/science/2012/jun/08/open-access-research-inevitable-nature-editor	http://web.archive.org/web/20180125211111/https://www.theguardian.com/science/2012/jun/08/open-access-research-inevitable-nature-editor
D9un8JYo	https://www.theguardian.com/science/2017/jun/27/profitable-business-scientific-publishing-bad-for-science	http://web.archive.org/web/20180125211116/https://www.theguardian.com/science/2017/jun/27/profitable-business-scientific-publishing-bad-for-science
hOBvHaW9	https://www.timeshighereducation.com/news/dutch-lose-access-oup-journals-subscription-standoff	http://web.archive.org/web/20180125211120/https://www.timeshighereducation.com/news/dutch-lose-access-oup-journals-subscription-standoff
